plates/192_0.jpg,9GLW121
plates/217_0.jpg,
plates/217_0.jpg,
plates/192_0.jpg,
static/plates/192_0.jpg,9GLW121
static/plates/217_0.jpg,7BFM081
static/plates/121_0.jpg,7SHG843
static/plates/386_0.jpg,8PPF339
static/plates/94_0.jpg,03254V3
static/plates/78_0.jpg,56868M3
static/plates/207_0.jpg,7WND268
static/plates/380_0.jpg,8PPF339
static/plates/308_0.jpg,6FXK819
static/plates/190_0.jpg,9GLW121
static/plates/219_0.jpg,7BFM081
static/plates/83_0.jpg,56868M3
static/plates/20_0.jpg,
